<?xml version="1.0"?>
<!--
/**
 * Copyright © Bhavin, Inc. All rights reserved.
 * See COPYING.txt for license details.
 */
-->
<config xmlns:xsi="http://www.w3.org/2001/XMLSchema-instance" xsi:noNamespaceSchemaLocation="urn:magento:framework:Acl/etc/acl.xsd">
    <acl>
        <resources>
            <resource id="Magento_Backend::admin">
                <resource id="Magento_Sales::sales" >
                    <resource id="Magento_Sales::sales_operation">
                        <resource id="Magento_Sales::sales_order">
                            <resource id="Magento_Sales::actions">
                                <resource id="Bhavin_DeleteOrder::delete_order" title="Delete Orders" translate="title" sortOrder="10" />
                            </resource>
                        </resource>
                    </resource>
                </resource>
                <resource id="Magento_Backend::stores">
                    <resource id="Magento_Backend::stores_settings">
                        <resource id="Magento_Config::config">
                            <resource id="Bhavin_DeleteOrder::bhavin_delete_order" title="Delete Order"/>
                        </resource>
                    </resource>
                </resource>
            </resource>
        </resources>
    </acl>
</config>
